{
	"class_name" : "PinholeCameraParameters",
	"extrinsic" : 
	[
		0.004411553412926747,
		0.92954262736821691,
		-0.36868827225974699,
		0.0,
		0.97636984827946605,
		0.075656889957576634,
		0.20243012219696876,
		0.0,
		0.21606123568844429,
		-0.36086914374512485,
		-0.90724362964169825,
		0.0,
		-0.011028883532317124,
		-2.3238565684205419,
		14.938861456142785,
		1.0
	],
	"intrinsic" : 
	{
		"height" : 720,
		"intrinsic_matrix" : 
		[
			623.53829072479584,
			0.0,
			0.0,
			0.0,
			623.53829072479584,
			0.0,
			639.5,
			359.5,
			1.0
		],
		"width" : 1280
	},
	"version_major" : 1,
	"version_minor" : 0
}