{
	"class_name" : "PinholeCameraParameters",
	"extrinsic" : 
	[
		0.95272722191351678,
		-0.133835611085069,
		0.2727615622305295,
		0.0,
		-0.30335403092787816,
		-0.36894967674310825,
		0.87855134622340891,
		0.0,
		-0.016946166078520897,
		-0.91976310278062479,
		-0.39210797265370301,
		0.0,
		-1.27675647831893e-15,
		-1.7763568394002505e-15,
		32.683798738824734,
		1.0
	],
	"intrinsic" : 
	{
		"height" : 720,
		"intrinsic_matrix" : 
		[
			623.53829072479584,
			0.0,
			0.0,
			0.0,
			623.53829072479584,
			0.0,
			639.5,
			359.5,
			1.0
		],
		"width" : 1280
	},
	"version_major" : 1,
	"version_minor" : 0
}